{
  "CV": {
    "name": "CV",
    "total_frames": 596,
    "fps": {
      "mean": 64.11672052383727,
      "min": 11.948324535590265,
      "max": 156.5915251073362,
      "std": 22.414267055519574,
      "median": 58.88066638799665
    },
    "latency_ms": {
      "mean": 15.936688688777437,
      "min": 4.676580429077148,
      "max": 38.629770278930664,
      "std": 4.7142797690370335,
      "median": 15.658259391784668
    },
    "detection_rate": 66.94630872483222,
    "finger_stability": 0.4265870307167236,
    "false_positives": 0,
    "false_negatives": 0
  },
  "MediaPipe": {
    "name": "MediaPipe",
    "total_frames": 550,
    "fps": {
      "mean": 36.691547088193225,
      "min": 7.513455706247682,
      "max": 49.40636558531816,
      "std": 6.426409372649373,
      "median": 37.713475658175874
    },
    "latency_ms": {
      "mean": 27.533688978715375,
      "min": 20.240306854248047,
      "max": 56.12516403198242,
      "std": 5.779853133797706,
      "median": 25.664091110229492
    },
    "detection_rate": 100.0,
    "finger_stability": 0.0,
    "false_positives": 0,
    "false_negatives": 0
  }
}