{
  "CV": {
    "name": "CV",
    "total_frames": 46,
    "fps": {
      "mean": 2.312614807807151,
      "min": 1.9536823591170591,
      "max": 2.4041540587650974,
      "std": 0.09614066310230394,
      "median": 2.3417018835451198
    },
    "latency_ms": {
      "mean": 431.97807540064275,
      "min": 415.94672203063965,
      "max": 510.3447437286377,
      "std": 18.356932973744236,
      "median": 426.30040645599365
    },
    "detection_rate": 21.73913043478261,
    "finger_stability": 0.25916666666666677,
    "false_positives": 0,
    "false_negatives": 0
  },
  "MediaPipe": {
    "name": "MediaPipe",
    "total_frames": 594,
    "fps": {
      "mean": 37.93075339000601,
      "min": 14.489097692413983,
      "max": 48.06178597210923,
      "std": 6.450965574351943,
      "median": 39.10608960554207
    },
    "latency_ms": {
      "mean": 26.665272134723086,
      "min": 19.754648208618164,
      "max": 53.6189079284668,
      "std": 5.41713932881663,
      "median": 25.14970302581787
    },
    "detection_rate": 100.0,
    "finger_stability": 0.4083732876712328,
    "false_positives": 0,
    "false_negatives": 0
  }
}