{
  "detector": "mediapipe",
  "timestamp": "2025-12-07T14:48:34.407427",
  "overall_accuracy": 97.72727272727273,
  "total_samples": 44,
  "total_correct": 43,
  "per_finger_results": {
    "0": {
      "samples": 22,
      "correct": 21,
      "detected_counts": [
        0,
        0,
        0,
        0,
        0,
        0,
        0,
        0,
        0,
        0,
        0,
        0,
        1,
        0,
        0,
        0,
        0,
        0,
        0,
        0,
        0,
        0
      ],
      "errors": [
        1
      ]
    },
    "1": {
      "samples": 22,
      "correct": 22,
      "detected_counts": [
        1,
        1,
        1,
        1,
        1,
        1,
        1,
        1,
        1,
        1,
        1,
        1,
        1,
        1,
        1,
        1,
        1,
        1,
        1,
        1,
        1,
        1
      ],
      "errors": []
    }
  }
}